Feature,Scaler_Min,Scaler_Max
Gender,0.0,1.0
Married,0.0,1.0
Education,0.0,1.0
Self_Employed,0.0,1.0
ApplicantIncome,9.260462981379394,10416.0
CoapplicantIncome,0.0,5654.0
LoanAmount,5.62040086571715,260.0
Loan_Amount_Term,3.610917912644224,360.0
Dependents,0.6236053791044981,0.7050346529798572
Property_Area,0.6181818464013676,0.7431693931517888
