Feature,Scaler_Min,Scaler_Max
Gender,0.0,1.0
Married,0.0,1.0
Education,0.0,1.0
Self_Employed,0.0,1.0
ApplicantIncome,9.224243277145174,10047.0
CoapplicantIncome,0.0,5701.0
LoanAmount,5.583496308781699,260.0
Loan_Amount_Term,2.5649493574615367,360.0
Dependents,0.6185571127922942,0.7589103894858487
Property_Area,0.6126764474622453,0.7589743572531529
