Feature,Scaler_Min,Scaler_Max
Gender,0.0,1.0
Married,0.0,1.0
Education,0.0,1.0
Self_Employed,0.0,1.0
ApplicantIncome,0.0,9000.0
CoapplicantIncome,0.0,5701.0
LoanAmount,5.525452939131784,244.0
Loan_Amount_Term,1.9459101490553128,360.0
Dependents,0.7569271030130955,0.8425186056835917
Property_Area,0.7544642857697977,0.8345070422533846
